{"cameraMode":{"drawMode":0,"name":"Shaded","section":"Shading Mode"},"sceneLighting":false,"audioPlay":false,"sceneViewState":{"showFog":true,"showMaterialUpdate":false,"showSkybox":true,"showFlares":true,"showImageEffects":true,"showParticleSystems":true},"in2DMode":false,"pivot":{"x":-18.039060592651368,"y":35.962890625,"z":-48.15625},"rotation":{"x":-0.4283936619758606,"y":-0.20791244506835938,"z":0.10197760164737702,"w":-0.8734232783317566},"size":19.941171646118165,"orthographic":true}